[
  {
    "value": "January",
    "synonyms": [
      "January",
      "Jan",
      "1st Month"
    ]
  },
  {
    "value": "February",
    "synonyms": [
      "Feb",
      "February",
      "Febrary",
      "Febuary"
    ]
  },
  {
    "value": "March",
    "synonyms": [
      "March",
      "Mar",
      "Marc"
    ]
  },
  {
    "value": "April",
    "synonyms": [
      "April",
      "Apr",
      "Aprl"
    ]
  },
  {
    "value": "May",
    "synonyms": [
      "May"
    ]
  },
  {
    "value": "June",
    "synonyms": [
      "June",
      "Jun"
    ]
  },
  {
    "value": "July",
    "synonyms": [
      "July",
      "Jul"
    ]
  },
  {
    "value": "August",
    "synonyms": [
      "August",
      "Aug",
      "Augus"
    ]
  },
  {
    "value": "September",
    "synonyms": [
      "September",
      "Sep"
    ]
  },
  {
    "value": "October",
    "synonyms": [
      "October",
      "Oct",
      "Octuber",
      "Octubar"
    ]
  },
  {
    "value": "November",
    "synonyms": [
      "November",
      "Nov",
      "Novem",
      "novmber"
    ]
  },
  {
    "value": "December",
    "synonyms": [
      "December",
      "Dec",
      "dec",
      "december",
      "decambar"
    ]
  }
]