[
  {
    "id": "63dc3cd6-752f-4de1-96d2-dcfd9f4962d5",
    "data": [
      {
        "text": "এখানে স্বাগতম",
        "userDefined": false
      }
    ],
    "isTemplate": false,
    "count": 0,
    "lang": "bn",
    "updated": 0
  },
  {
    "id": "7108718e-356a-41ea-a16b-74b1156b3e5c",
    "data": [
      {
        "text": "স্বাগতম",
        "userDefined": false
      }
    ],
    "isTemplate": false,
    "count": 0,
    "lang": "bn",
    "updated": 0
  },
  {
    "id": "1f88db05-a778-4c54-897f-1b4ea8c2720e",
    "data": [
      {
        "text": "তোমাকে অনেক অনেক স্বাগতম",
        "userDefined": false
      }
    ],
    "isTemplate": false,
    "count": 0,
    "lang": "bn",
    "updated": 0
  },
  {
    "id": "937f4c83-0963-4bd1-abae-92484a7d1b6a",
    "data": [
      {
        "text": "এটা আমার আনন্দ",
        "userDefined": false
      }
    ],
    "isTemplate": false,
    "count": 0,
    "lang": "bn",
    "updated": 0
  },
  {
    "id": "f7a2a91a-14a2-4766-8572-6d9c540f8ed6",
    "data": [
      {
        "text": "নিশ্চিত স্বাগতম",
        "userDefined": false
      }
    ],
    "isTemplate": false,
    "count": 0,
    "lang": "bn",
    "updated": 0
  },
  {
    "id": "59d60e64-361b-4a86-b4ab-ce305c3109da",
    "data": [
      {
        "text": "আমার আনন্দ",
        "userDefined": false
      }
    ],
    "isTemplate": false,
    "count": 0,
    "lang": "bn",
    "updated": 0
  },
  {
    "id": "9d161e22-eabd-4de5-9db6-4a24234fbe49",
    "data": [
      {
        "text": "তোমাকে স্বাগতম",
        "userDefined": false
      }
    ],
    "isTemplate": false,
    "count": 0,
    "lang": "bn",
    "updated": 0
  }
]